FirstName,Phone,Notes
Harsha,9380245433,Harsha
Nishanth,32928929323,nosdhfd
Nishanth,32928929323,nosdhfd
Nishanth,32928929323,nosdhfd
Nishanth,32928929323,nosdhfd
Nishanth,32928929323,nosdhfd
Nishanth,32928929323,nosdhfd
Nishanth,32928929323,nosdhfd
Nishanth,32928929323,nosdhfd
Nishanth,32928929323,nosdhfd
Nishanth,32928929323,nosdhfd
Nishanth,32928929323,nosdhfd
Nishanth,32928929323,nosdhfd
Nishanth,32928929323,nosdhfd
Nishanth,32928929323,nosdhfd
Nishanth,32928929323,nosdhfd
Nishanth,32928929323,nosdhfd
asd;lfasdf,234234,asdflalsdfh
asd;lfljhasdpfo,2023423423,sadlkdj
